1,Bulbasaur,1,11,3,45,49,49,65,65,45,,
2,Ivysaur,2,11,3,60,62,63,80,80,60,,
3,Venusaur,3,11,3,80,82,83,100,100,80,,
4,Charmander,4,9,-1,39,52,43,60,50,65,,
5,Charmeleon,5,9,-1,58,64,58,80,65,80,,
6,Charizard,6,9,2,78,84,78,109,85,100,,
7,Squirtle,7,10,-1,44,48,65,50,64,43,,
8,Wartortle,8,10,-1,59,63,80,65,80,58,,
9,Blastoise,9,10,-1,79,83,100,85,105,78,,
10,Caterpie,10,6,-1,45,30,35,20,20,45,,
11,Metapod,11,6,-1,50,20,55,25,25,30,,
12,Butterfree,12,6,2,60,45,50,80,80,70,,
13,Weedle,13,6,3,40,35,30,20,20,50,,
14,Kakuna,14,6,3,45,25,50,25,25,35,,
15,Beedrill,15,6,3,65,80,40,45,80,75,,
16,Pidgey,16,0,2,40,45,40,35,35,56,,
17,Pidgeotto,17,0,2,63,60,55,50,50,71,,
18,Pidgeot,18,0,2,83,80,75,70,70,91,,
19,Rattata,19,0,-1,30,56,35,25,35,72,,
20,Raticate,20,0,-1,55,81,60,50,70,97,,
21,Spearow,21,0,2,40,60,30,31,31,70,,
22,Fearow,22,0,2,65,90,65,61,61,100,,
23,Ekans,23,3,-1,35,60,44,40,54,55,,
24,Arbok,24,3,-1,60,85,69,65,79,80,,
25,Pikachu,25,12,-1,35,55,30,50,40,90,,
26,Raichu,26,12,-1,60,90,55,90,80,100,,
27,Sandshrew,27,4,-1,50,75,85,20,30,40,,
28,Sandslash,28,4,-1,75,100,110,45,55,65,,
29,NidoranF,29,3,-1,55,47,52,40,40,41,,
30,Nidorina,30,3,-1,70,62,67,55,55,56,,
31,Nidoqueen,31,3,4,90,82,87,75,85,76,,
32,NidoranM,32,3,-1,46,57,40,40,40,50,,
33,Nidorino,33,3,-1,61,72,57,55,55,65,,
34,Nidoking,34,3,4,81,92,77,85,75,85,,
35,Clefairy,35,0,-1,70,45,48,60,65,35,,
36,Clefable,36,0,-1,95,70,73,85,90,60,,
37,Vulpix,37,9,-1,38,41,40,50,65,65,,
38,Ninetales,38,9,-1,73,76,75,81,100,100,,
39,Jigglypuff,39,0,-1,115,45,20,45,25,20,,
40,Wigglytuff,40,0,-1,140,70,45,75,50,45,,
41,Zubat,41,3,2,40,45,35,30,40,55,,
42,Golbat,42,3,2,75,80,70,65,75,90,,
43,Oddish,43,11,3,45,50,55,75,65,30,,
44,Gloom,44,11,3,60,65,70,85,75,40,,
45,Vileplume,45,11,3,75,80,85,100,90,50,,
46,Paras,46,6,11,35,70,55,45,55,25,,
47,Parasect,47,6,11,60,95,80,60,80,30,,
48,Venonat,48,6,3,60,55,50,40,55,45,,
49,Venomoth,49,6,3,70,65,60,90,75,90,,
50,Diglett,50,4,-1,10,55,25,35,45,95,,
51,Dugtrio,51,4,-1,35,80,50,50,70,120,,
52,Meowth,52,0,-1,40,45,35,40,40,90,,
53,Persian,53,0,-1,65,70,60,65,65,115,,
54,Psyduck,54,10,-1,50,52,48,65,50,55,,
55,Golduck,55,10,-1,80,82,78,95,80,85,,
56,Mankey,56,1,-1,40,80,35,35,45,70,,
57,Primeape,57,1,-1,65,105,60,60,70,95,,
58,Growlithe,58,9,-1,55,70,45,70,50,60,,
59,Arcanine,59,9,-1,90,110,80,100,80,95,,
60,Poliwag,60,10,-1,40,50,40,40,40,90,,
61,Poliwhirl,61,10,-1,65,65,65,50,50,90,,
62,Poliwrath,62,10,1,90,85,95,70,90,70,,
63,Abra,63,13,-1,25,20,15,105,55,90,,
64,Kadabra,64,13,-1,40,35,30,120,70,105,,
65,Alakazam,65,13,-1,55,50,45,135,85,120,,
66,Machop,66,1,-1,70,80,50,35,35,35,,
67,Machoke,67,1,-1,80,100,70,50,60,45,,
68,Machamp,68,1,-1,90,130,80,65,85,55,,
69,Bellsprout,69,11,3,50,75,35,70,30,40,,
70,Weepinbell,70,11,3,65,90,50,85,45,55,,
71,Victreebel,71,11,3,80,105,65,100,60,70,,
72,Tentacool,72,10,3,40,40,35,50,100,70,,
73,Tentacruel,73,10,3,80,70,65,80,120,100,,
74,Geodude,74,5,4,40,80,100,30,30,20,,
75,Graveler,75,5,4,55,95,115,45,45,35,,
76,Golem,76,5,4,80,110,130,55,65,45,,
77,Ponyta,77,9,-1,50,85,55,65,65,90,,
78,Rapidash,78,9,-1,65,100,70,80,80,105,,
79,Slowpoke,79,10,13,90,65,65,40,40,15,,
80,Slowbro,80,10,13,95,75,110,100,80,30,,
81,Magnemite,81,12,8,25,35,70,95,55,45,,
82,Magneton,82,12,8,50,60,95,120,70,70,,
83,Farfetch'd,83,0,2,52,65,55,58,62,60,,
84,Doduo,84,0,2,35,85,45,35,35,75,,
85,Dodrio,85,0,2,60,110,70,60,60,100,,
86,Seel,86,10,-1,65,45,55,45,70,45,,
87,Dewgong,87,10,14,90,70,80,70,95,70,,
88,Grimer,88,3,-1,80,80,50,40,50,25,,
89,Muk,89,3,-1,105,105,75,65,100,50,,
90,Shellder,90,10,-1,30,65,100,45,25,40,,
91,Cloyster,91,10,14,50,95,180,85,45,70,,
92,Gastly,92,7,3,30,35,30,100,35,80,,
93,Haunter,93,7,3,45,50,45,115,55,95,,
94,Gengar,94,7,3,60,65,60,130,75,110,,
95,Onix,95,5,4,35,45,160,30,45,70,,
96,Drowzee,96,13,-1,60,48,45,43,90,42,,
97,Hypno,97,13,-1,85,73,70,73,115,67,,
98,Krabby,98,10,-1,30,105,90,25,25,50,,
99,Kingler,99,10,-1,55,130,115,50,50,75,,
100,Voltorb,100,12,-1,40,30,50,55,55,100,,
101,Electrode,101,12,-1,60,50,70,80,80,140,,
102,Exeggcute,102,11,13,60,40,80,60,45,40,,
103,Exeggutor,103,11,13,95,95,85,125,65,55,,
104,Cubone,104,4,-1,50,50,95,40,50,35,,
105,Marowak,105,4,-1,60,80,110,50,80,45,,
106,Hitmonlee,106,1,-1,50,120,53,35,110,87,,
107,Hitmonchan,107,1,-1,50,105,79,35,110,76,,
108,Lickitung,108,0,-1,90,55,75,60,75,30,,
109,Koffing,109,3,-1,40,65,95,60,45,35,,
110,Weezing,110,3,-1,65,90,120,85,70,60,,
111,Rhyhorn,111,4,5,80,85,95,30,30,25,,
112,Rhydon,112,4,5,105,130,120,45,45,40,,
113,Chansey,113,0,-1,250,5,5,35,105,50,,
114,Tangela,114,11,-1,65,55,115,100,40,60,,
115,Kangaskhan,115,0,-1,105,95,80,40,80,90,,
116,Horsea,116,10,-1,30,40,70,70,25,60,,
117,Seadra,117,10,-1,55,65,95,95,45,85,,
118,Goldeen,118,10,-1,45,67,60,35,50,63,,
119,Seaking,119,10,-1,80,92,65,65,80,68,,
120,Staryu,120,10,-1,30,45,55,70,55,85,,
121,Starmie,121,10,13,60,75,85,100,85,115,,
122,Mr. Mime,122,13,-1,40,45,65,100,120,90,,
123,Scyther,123,6,2,70,110,80,55,80,105,,
124,Jynx,124,14,13,65,50,35,115,95,95,,
125,Electabuzz,125,12,-1,65,83,57,95,85,105,,
126,Magmar,126,9,-1,65,95,57,100,85,93,,
127,Pinsir,127,6,-1,65,125,100,55,70,85,,
128,Tauros,128,0,-1,75,100,95,40,70,110,,
129,Magikarp,129,10,-1,20,10,55,15,20,80,,
130,Gyarados,130,10,2,95,125,79,60,100,81,,
131,Lapras,131,10,14,130,85,80,85,95,60,,
132,Ditto,132,0,-1,48,48,48,48,48,48,,
133,Eevee,133,0,-1,55,55,50,45,65,55,,
134,Vaporeon,134,10,-1,130,65,60,110,95,65,,
135,Jolteon,135,12,-1,65,65,60,110,95,130,,
136,Flareon,136,9,-1,65,130,60,95,110,65,,
137,Porygon,137,0,-1,65,60,70,85,75,40,,
138,Omanyte,138,5,10,35,40,100,90,55,35,,
139,Omastar,139,5,10,70,60,125,115,70,55,,
140,Kabuto,140,5,10,30,80,90,55,45,55,,
141,Kabutops,141,5,10,60,115,105,65,70,80,,
142,Aerodactyl,142,5,2,80,105,65,60,75,130,,
143,Snorlax,143,0,-1,160,110,65,65,110,30,,
144,Articuno,144,14,2,90,85,100,95,125,85,,
145,Zapdos,145,12,2,90,90,85,125,90,100,,
146,Moltres,146,9,2,90,100,90,125,85,90,,
147,Dratini,147,15,-1,41,64,45,50,50,50,,
148,Dragonair,148,15,-1,61,84,65,70,70,70,,
149,Dragonite,149,15,2,91,134,95,100,100,80,,
150,Mewtwo,150,13,-1,106,110,90,154,90,130,,
151,Mew,151,13,-1,100,100,100,100,100,100,,
152,Chikorita,152,11,-1,45,49,65,49,65,45,,
153,Bayleef,153,11,-1,60,62,80,63,80,60,,
154,Meganium,154,11,-1,80,82,100,83,100,80,,
155,Cyndaquil,155,9,-1,39,52,43,60,50,65,,
156,Quilava,156,9,-1,58,64,58,80,65,80,,
157,Typhlosion,157,9,-1,78,84,78,109,85,100,,
158,Totodile,158,10,-1,50,65,64,44,48,43,,
159,Croconaw,159,10,-1,65,80,80,59,63,58,,
160,Feraligatr,160,10,-1,85,105,100,79,83,78,,
161,Sentret,161,0,-1,35,46,34,35,45,20,,
162,Furret,162,0,-1,85,76,64,45,55,90,,
163,Hoothoot,163,0,2,60,30,30,36,56,50,,
164,Noctowl,164,0,2,100,50,50,76,96,70,,
165,Ledyba,165,6,2,40,20,30,40,80,55,,
166,Ledian,166,6,2,55,35,50,55,110,85,,
167,Spinarak,167,6,3,40,60,40,40,40,30,,
168,Ariados,168,6,3,70,90,70,60,60,40,,
169,Crobat,169,3,2,85,90,80,70,80,130,,
170,Chinchou,170,10,12,75,38,38,56,56,67,,
171,Lanturn,171,10,12,125,58,58,76,76,67,,
172,Pichu,172,12,-1,20,40,15,35,35,60,,
173,Cleffa,173,0,-1,50,25,28,45,55,15,,
174,Igglybuff,174,0,-1,90,30,15,40,20,15,,
175,Togepi,175,0,-1,35,20,65,40,65,20,,
176,Togetic,176,0,2,55,40,85,80,105,40,,
177,Natu,177,13,2,40,50,45,70,45,70,,
178,Xatu,178,13,2,65,75,70,95,70,95,,
179,Mareep,179,12,-1,55,40,40,65,45,35,,
180,Flaaffy,180,12,-1,70,55,55,80,60,45,,
181,Ampharos,181,12,-1,90,75,75,115,90,55,,
182,Bellossom,182,11,-1,75,80,85,90,100,50,,
183,Marill,183,10,-1,70,20,50,20,50,40,,
184,Azumarill,184,10,-1,100,50,80,50,80,50,,
185,Sudowoodo,185,5,-1,70,100,115,30,65,30,,
186,Politoed,186,10,-1,90,75,75,90,100,70,,
187,Hoppip,187,11,2,35,35,40,35,55,50,,
188,Skiploom,188,11,2,55,45,50,45,65,80,,
189,Jumpluff,189,11,2,75,55,70,55,85,110,,
190,Aipom,190,0,-1,55,70,55,40,55,85,,
191,Sunkern,191,11,-1,30,30,30,30,30,30,,
192,Sunflora,192,11,-1,75,75,55,105,85,30,,
193,Yanma,193,6,2,65,65,45,75,45,95,,
194,Wooper,194,10,4,55,45,45,25,25,15,,
195,Quagsire,195,10,4,95,85,85,65,65,35,,
196,Espeon,196,13,-1,65,65,60,130,95,110,,
197,Umbreon,197,16,-1,95,65,110,60,130,65,,
198,Murkrow,198,16,2,60,85,42,85,42,91,,
199,Slowking,199,10,13,95,75,80,100,110,30,,
200,Misdreavus,200,7,-1,60,60,60,85,85,85,,
201,Unown,201,13,-1,48,72,48,72,48,48,,
202,Wobbuffet,202,13,-1,190,33,58,33,58,33,,
203,Girafarig,203,0,13,70,80,65,90,65,85,,
204,Pineco,204,6,-1,50,65,90,35,35,15,,
205,Forretress,205,6,8,75,90,140,60,60,40,,
206,Dunsparce,206,0,-1,100,70,70,65,65,45,,
207,Gligar,207,4,2,65,75,105,35,65,85,,
208,Steelix,208,8,4,75,85,200,55,65,30,,
209,Snubbull,209,0,-1,60,80,50,40,40,30,,
210,Granbull,210,0,-1,90,120,75,60,60,45,,
211,Qwilfish,211,10,3,65,95,75,55,55,85,,
212,Scizor,212,6,8,70,130,100,55,80,65,,
213,Shuckle,213,6,5,20,10,230,10,230,5,,
214,Heracross,214,6,1,80,125,75,40,95,85,,
215,Sneasel,215,16,14,55,95,55,35,75,115,,
216,Teddiursa,216,0,-1,60,80,50,50,50,40,,
217,Ursaring,217,0,-1,90,130,75,75,75,55,,
218,Slugma,218,9,-1,40,40,40,70,40,20,,
219,Magcargo,219,9,5,50,50,120,80,80,30,,
220,Swinub,220,14,4,50,50,40,30,30,50,,
221,Piloswine,221,14,4,100,100,80,60,60,50,,
222,Corsola,222,10,5,55,55,85,65,85,35,,
223,Remoraid,223,10,-1,35,65,35,65,35,65,,
224,Octillery,224,10,-1,75,105,75,105,75,45,,
225,Delibird,225,14,2,45,55,45,65,45,75,,
226,Mantine,226,10,2,65,40,70,80,140,70,,
227,Skarmory,227,8,2,65,80,140,40,70,70,,
228,Houndour,228,16,9,45,60,30,80,50,65,,
229,Houndoom,229,16,9,75,90,50,110,80,95,,
230,Kingdra,230,10,15,75,95,95,95,95,85,,
231,Phanpy,231,4,-1,90,60,60,40,40,40,,
232,Donphan,232,4,-1,90,120,120,60,60,50,,
233,Porygon2,233,0,-1,85,80,90,105,95,60,,
234,Stantler,234,0,-1,73,95,62,85,65,85,,
235,Smeargle,235,0,-1,55,20,35,20,45,75,,
236,Tyrogue,236,1,-1,35,35,35,35,35,35,,
237,Hitmontop,237,1,-1,50,95,95,35,110,70,,
238,Smoochum,238,14,13,45,30,15,85,65,65,,
239,Elekid,239,12,-1,45,63,37,65,55,95,,
240,Magby,240,9,-1,45,75,37,70,55,83,,
241,Miltank,241,0,-1,95,80,105,40,70,100,,
242,Blissey,242,0,-1,255,10,10,75,135,55,,
243,Raikou,243,12,-1,90,85,75,115,100,115,,
244,Entei,244,9,-1,115,115,85,90,75,100,,
245,Suicune,245,10,-1,100,75,115,90,115,85,,
246,Larvitar,246,5,4,50,64,50,45,50,41,,
247,Pupitar,247,5,4,70,84,70,65,70,51,,
248,Tyranitar,248,5,16,100,134,110,95,100,61,,
249,Lugia,249,13,2,106,90,130,90,154,110,,
250,Ho-oh,250,9,2,106,130,90,110,154,90,,
251,Celebi,251,13,11,100,100,100,100,100,100,,
252,Treecko,252,11,-1,40,45,35,65,55,70,,
253,Grovyle,253,11,-1,50,65,45,85,65,95,,
254,Sceptile,254,11,-1,70,85,65,105,85,120,,
255,Torchic,255,9,-1,45,60,40,70,50,45,,
256,Combusken,256,9,1,60,85,60,85,60,55,,
257,Blaziken,257,9,1,80,120,70,110,70,80,,
258,Mudkip,258,10,-1,50,70,50,50,50,40,,
259,Marshtomp,259,10,4,70,85,70,60,70,50,,
260,Swampert,260,10,4,100,110,90,85,90,60,,
261,Poochyena,261,16,-1,35,55,35,30,30,35,,
262,Mightyena,262,16,-1,70,90,70,60,60,70,,
263,Zigzagoon,263,0,-1,38,30,41,30,41,60,,
264,Linoone,264,0,-1,78,70,61,50,61,100,,
265,Wurmple,265,6,-1,45,45,35,20,30,20,,
266,Silcoon,266,6,-1,50,35,55,25,25,15,,
267,Beautifly,267,6,2,60,70,50,90,50,65,,
268,Cascoon,268,6,-1,50,35,55,25,25,15,,
269,Dustox,269,6,3,60,50,70,50,90,65,,
270,Lotad,270,10,11,40,30,30,40,50,30,,
271,Lombre,271,10,11,60,50,50,60,70,50,,
272,Ludicolo,272,10,11,80,70,70,90,100,70,,
273,Seedot,273,11,-1,40,40,50,30,30,30,,
274,Nuzleaf,274,11,16,70,70,40,60,40,60,,
275,Shiftry,275,11,16,90,100,60,90,60,80,,
276,Taillow,276,0,2,40,55,30,30,30,85,,
277,Swellow,277,0,2,60,85,60,50,50,125,,
278,Wingull,278,10,2,40,30,30,55,30,85,,
279,Pelipper,279,10,2,60,50,100,85,70,65,,
280,Ralts,280,13,-1,28,25,25,45,35,40,,
281,Kirlia,281,13,-1,38,35,35,65,55,50,,
282,Gardevoir,282,13,-1,68,65,65,125,115,80,,
283,Surskit,283,6,10,40,30,32,50,52,65,,
284,Masquerain,284,6,2,70,60,62,80,82,60,,
285,Shroomish,285,11,-1,60,40,60,40,60,35,,
286,Breloom,286,11,1,60,130,80,60,60,70,,
287,Slakoth,287,0,-1,60,60,60,35,35,30,,
288,Vigoroth,288,0,-1,80,80,80,55,55,90,,
289,Slaking,289,0,-1,150,160,100,95,65,100,,
290,Nincada,290,6,4,31,45,90,30,30,40,,
291,Ninjask,291,6,2,61,90,45,50,50,160,,
292,Shedinja,292,6,7,-1,90,45,30,30,40,,It?s more useful to have Shedinja?s base HP as -1 because it has a special case it needs to consider.
293,Whismur,293,0,-1,64,51,23,51,23,28,,
294,Loudred,294,0,-1,84,71,43,71,43,48,,
295,Exploud,295,0,-1,104,91,63,91,63,68,,
296,Makuhita,296,1,-1,72,60,30,20,30,25,,
297,Hariyama,297,1,-1,144,120,60,40,60,50,,
298,Azurill,298,0,-1,50,20,40,20,40,20,,
299,Nosepass,299,5,-1,30,45,135,45,90,30,,
300,Skitty,300,0,-1,50,45,45,35,35,50,,
301,Delcatty,301,0,-1,70,65,65,55,55,70,,
302,Sableye,302,16,7,50,75,75,65,65,50,,
303,Mawile,303,8,-1,50,85,85,55,55,50,,
304,Aron,304,8,5,50,70,100,40,40,30,,
305,Lairon,305,8,5,60,90,140,50,50,40,,
306,Aggron,306,8,5,70,110,180,60,60,50,,
307,Meditite,307,1,13,30,40,55,40,55,60,,
308,Medicham,308,1,13,60,60,75,60,75,80,,
309,Electrike,309,12,-1,40,45,40,65,40,65,,
310,Manectric,310,12,-1,70,75,60,105,60,105,,
311,Plusle,311,12,-1,60,50,40,85,75,95,,
312,Minun,312,12,-1,60,40,50,75,85,95,,
313,Volbeat,313,6,-1,65,73,55,47,75,85,,
314,Illumise,314,6,-1,65,47,55,73,75,85,,
315,Roselia,315,11,3,50,60,45,100,80,65,,
316,Gulpin,316,3,-1,70,43,53,43,53,40,,
317,Swalot,317,3,-1,100,73,83,73,83,55,,
318,Carvanha,318,10,16,45,90,20,65,20,65,,
319,Sharpedo,319,10,16,70,120,40,95,40,95,,
320,Wailmer,320,10,-1,130,70,35,70,35,60,,
321,Wailord,321,10,-1,170,90,45,90,45,60,,
322,Numel,322,9,4,60,60,40,65,45,35,,
323,Camerupt,323,9,4,70,100,70,105,75,40,,
324,Torkoal,324,9,-1,70,85,140,85,70,20,,
325,Spoink,325,13,-1,60,25,35,70,80,60,,
326,Grumpig,326,13,-1,80,45,65,90,110,80,,
327,Spinda,327,0,-1,60,60,60,60,60,60,,
328,Trapinch,328,4,-1,45,100,45,45,45,10,,
329,Vibrava,329,4,15,50,70,50,50,50,70,,
330,Flygon,330,4,15,80,100,80,80,80,100,,
331,Cacnea,331,11,-1,50,85,40,85,40,35,,
332,Cacturne,332,11,16,70,115,60,115,60,55,,
333,Swablu,333,0,2,45,40,60,40,75,50,,
334,Altaria,334,15,2,75,70,90,70,105,80,,
335,Zangoose,335,0,-1,73,115,60,60,60,90,,
336,Seviper,336,3,-1,73,100,60,100,60,65,,
337,Lunatone,337,5,13,70,55,65,95,85,70,,
338,Solrock,338,5,13,70,95,85,55,65,70,,
339,Barboach,339,10,4,50,48,43,46,41,60,,
340,Whiscash,340,10,4,110,78,73,76,71,60,,
341,Corphish,341,10,-1,43,80,65,50,35,35,,
342,Crawdaunt,342,10,16,63,120,85,90,55,55,,
343,Baltoy,343,4,13,40,40,55,40,70,55,,
344,Claydol,344,4,13,60,70,105,70,120,75,,
345,Lileep,345,5,11,66,41,77,61,87,23,,
346,Cradily,346,5,11,86,81,97,81,107,43,,
347,Anorith,347,5,6,45,95,50,40,50,75,,
348,Armaldo,348,5,6,75,125,100,70,80,45,,
349,Feebas,349,10,-1,20,15,20,10,55,80,,
350,Milotic,350,10,-1,95,60,79,100,125,81,,
351,Castform,351,0,-1,70,70,70,70,70,70,,
352,Kecleon,352,0,-1,60,90,70,60,120,40,,
353,Shuppet,353,7,-1,44,75,35,63,33,45,,
354,Banette,354,7,-1,64,115,65,83,63,65,,
355,Duskull,355,7,-1,20,40,90,30,90,25,,
356,Dusclops,356,7,-1,40,70,130,60,130,25,,
357,Tropius,357,11,2,99,68,83,72,87,51,,
358,Chimecho,358,13,-1,65,50,70,95,80,65,,
359,Absol,359,16,-1,65,130,60,75,60,75,,
360,Wynaut,360,13,-1,95,23,48,23,48,23,,
361,Snorunt,361,14,-1,50,50,50,50,50,50,,
362,Glalie,362,14,-1,80,80,80,80,80,80,,
363,Spheal,363,14,10,70,40,50,55,50,25,,
364,Sealeo,364,14,10,90,60,70,75,70,45,,
365,Walrein,365,14,10,110,80,90,95,90,65,,
366,Clamperl,366,10,-1,35,64,85,74,55,32,,
367,Huntail,367,10,-1,55,104,105,94,75,52,,
368,Gorebyss,368,10,-1,55,84,105,114,75,52,,
369,Relicanth,369,10,5,100,90,130,45,65,55,,
370,Luvdisc,370,10,-1,43,30,55,40,65,97,,
371,Bagon,371,15,-1,45,75,60,40,30,50,,
372,Shelgon,372,15,-1,65,95,100,60,50,50,,
373,Salamence,373,15,2,95,135,80,110,80,100,,
374,Beldum,374,8,13,40,55,80,35,60,30,,
375,Metang,375,8,13,60,75,100,55,80,50,,
376,Metagross,376,8,13,80,135,130,95,90,70,,
377,Regirock,377,5,-1,80,100,200,50,100,50,,
378,Regice,378,14,-1,80,50,100,100,200,50,,
379,Registeel,379,8,-1,80,75,150,75,150,50,,
380,Latias,380,15,13,80,80,90,110,130,110,,
381,Latios,381,15,13,80,90,80,130,110,110,,
382,Kyogre,382,10,-1,100,100,90,150,140,90,,
383,Groudon,383,4,-1,100,150,140,100,90,90,,
384,Rayquaza,384,15,2,105,150,90,150,90,95,,
385,Jirachi,385,8,13,100,100,100,100,100,100,,
386,Deoxys,386,13,-1,50,150,50,150,50,150,,Deoxys Normal Forme.
387,Turtwig,387,11,-1,55,68,64,45,55,31,,
388,Grotle,388,11,-1,75,89,85,55,65,36,,
389,Torterra,389,11,4,95,109,105,75,85,56,,
390,Chimchar,390,9,-1,44,58,44,58,44,61,,
391,Monferno,391,9,1,64,78,52,78,52,81,,
392,Ifernape,392,9,1,76,104,71,104,71,108,,
393,Piplup,393,10,-1,53,51,53,61,56,40,,
394,Prinplup,394,10,-1,64,66,68,81,76,50,,
395,Empoleon,395,10,8,84,86,88,111,101,60,,
396,Starly,396,0,2,40,55,30,30,30,60,,
397,Staravia,397,0,2,55,75,50,40,40,80,,
398,Staraptor,398,0,2,85,120,70,50,50,100,,
399,Bidoof,399,0,-1,59,45,40,35,40,31,,
400,Bibarel,400,0,10,79,85,60,55,60,71,,
401,Kricketot,401,6,-1,37,25,41,25,41,25,,
402,Kricketune,402,6,-1,77,85,51,55,51,65,,
403,Shinx,403,12,-1,45,65,34,40,34,45,,
404,Luxio,404,12,-1,60,85,49,60,49,60,,
405,Luxray,405,12,-1,80,120,79,95,79,70,,
406,Budew,406,11,3,40,30,35,50,70,55,,
407,Roserade,407,11,3,60,70,55,125,105,90,,
408,Cranidos,408,5,-1,67,125,40,30,30,58,,
409,Rampardos,409,5,-1,97,165,60,65,50,58,,
410,Shieldon,410,5,8,30,42,118,42,88,30,,
411,Bastiodon,411,5,8,60,52,168,47,138,30,,
412,Burmy,412,6,-1,40,29,45,29,45,36,,
413,Wormadam,413,6,11,60,59,85,79,105,36,,Wormadam Plant Cloak.
414,Mothim,414,6,2,70,94,50,94,50,66,,
415,Combee,415,6,2,30,30,42,30,42,70,,
416,Vespiquen,416,6,2,70,80,102,80,102,40,,
417,Pachirisu,417,12,-1,60,45,70,45,90,95,,
418,Buizel,418,10,-1,55,65,35,60,30,85,,
419,Floatzel,419,10,-1,85,105,55,85,50,115,,
420,Cherubi,420,11,-1,45,35,45,62,53,35,,
421,Cherrim,421,11,-1,70,60,70,87,78,85,,
422,Shellos,422,10,-1,76,48,48,57,62,34,,
423,Gastrodon,423,10,4,111,83,68,92,82,39,,
424,Ambipom,424,0,-1,75,100,66,60,66,115,,
425,Drifloon,425,7,2,90,50,34,60,44,70,,
426,Drifblim,426,7,2,150,80,44,90,54,80,,
427,Buneary,427,0,-1,55,66,44,44,56,85,,
428,Lopunny,428,0,-1,65,76,84,54,96,105,,
429,Mismagius,429,7,-1,60,60,60,105,105,105,,
430,Honchkrow,430,16,2,100,125,52,105,52,71,,
431,Glameow,431,0,-1,49,55,42,42,37,85,,
432,Purugly,432,0,-1,71,82,64,64,59,112,,
433,Chingling,433,13,-1,45,30,50,65,50,45,,
434,Stunky,434,3,16,63,63,47,41,41,74,,
435,Skuntank,435,3,16,103,93,67,71,61,84,,
436,Bronzor,436,8,13,57,24,86,24,86,23,,
437,Bronzong,437,8,13,67,89,116,79,116,33,,
438,Bonsly,438,5,-1,50,80,95,10,45,10,,
439,Mime Jr.,439,13,-1,20,25,45,70,90,60,,
440,Happiny,440,0,-1,100,5,5,15,65,30,,
441,Chatot,441,0,2,76,65,45,92,42,91,,
442,Spiritomb,442,7,16,50,92,108,92,108,35,,
443,Gible,443,15,4,58,70,45,40,45,42,,
444,Gabite,444,15,4,68,90,65,50,55,82,,
445,Garchomp,445,15,4,108,130,95,80,85,102,,
446,Munchlax,446,0,-1,135,85,40,40,85,5,,
447,Riolu,447,1,-1,40,70,40,35,40,60,,
448,Lucario,448,1,8,70,110,70,115,70,90,,
449,Hippopotas,449,4,-1,68,72,78,38,42,32,,
450,Hippowdon,450,4,-1,108,112,118,68,72,47,,
451,Skorupi,451,3,6,40,50,90,30,55,65,,
452,Drapion,452,3,16,70,90,110,60,75,95,,
453,Croagunk,453,3,1,48,61,40,61,40,50,,
454,Toxicroak,454,3,1,83,106,65,86,65,85,,
455,Carnivine,455,11,-1,74,100,72,90,72,46,,
456,Finneon,456,10,-1,49,49,56,49,61,66,,
457,Lumineon,457,10,-1,69,69,76,69,86,91,,
458,Mantyke,458,10,2,45,20,50,60,120,50,,
459,Snover,459,11,14,60,62,50,62,60,40,,
460,Abomasnow,460,11,14,90,92,75,92,85,60,,
461,Weavile,461,16,14,70,120,65,45,85,125,,
462,Magnezone,462,12,8,70,70,115,130,90,60,,
463,Lickilicky,463,0,-1,110,85,95,80,95,50,,
464,Rhyperior,464,4,5,115,140,130,55,55,40,,
465,Tangrowth,465,11,-1,100,100,125,110,50,50,,
466,Electivire,466,12,-1,75,123,67,95,85,95,,
467,Magmortar,467,9,-1,75,95,67,125,95,83,,
468,Togekiss,468,0,2,85,50,95,120,115,80,,
469,Yanmega,469,6,2,86,76,86,116,56,95,,
470,Leafeon,470,11,-1,65,110,130,60,65,95,,
471,Glaceon,471,14,-1,65,60,110,130,95,65,,
472,Gliscor,472,4,2,75,95,125,45,75,95,,
473,Mamoswine,473,14,4,110,130,80,70,60,80,,
474,Porygon-Z,474,0,-1,85,80,70,135,75,90,,
475,Gallade,475,13,1,68,125,65,65,115,80,,
476,Probopass,476,5,8,60,55,145,75,150,40,,
477,Dusknoir,477,7,-1,45,100,135,65,135,45,,
478,Froslass,478,14,7,70,80,70,80,70,110,,
479,Rotom,479,12,7,50,50,77,95,77,91,,Rotom Regular Forme.
480,Uxie,480,13,-1,75,75,130,75,130,95,,
481,Mesprit,481,13,-1,80,105,105,105,105,80,,
482,Azelf,482,13,-1,75,125,70,125,70,115,,
483,Dialga,483,8,15,100,120,120,150,100,90,,
484,Palkia,484,10,15,90,120,100,150,120,100,,
485,Heatran,485,9,8,91,90,106,130,106,77,,
486,Regigigas,486,0,-1,110,160,110,80,110,100,,
487,Giratina,487,7,15,150,100,120,100,120,90,,Giratina Altered Forme.
488,Cresselia,488,13,-1,120,70,120,75,130,85,,
489,Phione,489,10,-1,80,80,80,80,80,80,,
490,Manaphy,490,10,-1,100,100,100,100,100,100,,
491,Darkrai,491,16,-1,70,90,90,135,90,125,,
492,Shaymin,492,11,-1,100,100,100,100,100,100,,Shaymin Land Forme.
493,Arceus,493,0,-1,120,120,120,120,120,120,,
494,Victini,494,13,9,100,100,100,100,100,100,9,
495,Snivy,495,11,-1,45,45,55,45,55,63,-1,
496,Servine,496,11,-1,60,60,75,60,75,83,-1,
497,Serperior,497,11,-1,75,75,95,75,95,113,-1,
498,Tepig,498,9,-1,65,63,45,45,45,45,-1,
499,Pignite,499,9,1,90,93,55,70,55,55,1,
500,Emboar,500,9,1,110,123,65,100,65,65,1,
501,Oshawott,501,10,-1,55,55,45,63,45,45,-1,
502,Dewott,502,10,-1,75,75,60,83,60,60,-1,
503,Samurott,503,10,-1,95,100,85,108,70,70,-1,
504,Patrat,504,0,-1,45,55,39,35,39,42,-1,
505,Watchog,505,0,-1,60,85,69,60,69,77,-1,
506,Lillipup,506,0,-1,45,60,45,25,45,55,-1,
507,Herdier,507,0,-1,65,80,65,35,65,60,-1,
508,Stoutland,508,0,-1,85,100,90,45,90,80,-1,
509,Purrloin,509,16,-1,41,50,37,50,37,66,-1,
510,Liepard,510,16,-1,64,88,50,88,50,106,-1,
511,Pansage,511,11,-1,50,53,48,53,48,64,-1,
512,Simisage,512,11,-1,75,98,63,98,63,101,-1,
513,Pansear,513,9,-1,50,53,48,53,48,64,-1,
514,Simisear,514,9,-1,75,98,63,98,63,101,-1,
515,Panpour,515,10,-1,50,53,48,53,48,64,-1,
516,Simipour,516,10,-1,75,98,63,98,63,101,-1,
517,Munna,517,13,-1,76,25,45,67,55,24,-1,
518,Musharna,518,13,-1,116,55,85,107,95,29,-1,
519,Pidove,519,0,2,50,55,50,36,30,43,2,
520,Tranquill,520,0,2,62,77,62,50,42,65,2,
521,Unfezant,521,0,2,80,105,80,65,55,93,2,
522,Blitzle,522,12,-1,45,60,32,50,32,76,-1,
523,Zebstrika,523,12,-1,75,100,63,80,63,116,-1,
524,Roggenrola,524,5,-1,55,75,85,25,25,15,-1,
525,Boldore,525,5,-1,70,105,105,50,40,20,-1,
526,Gigalith,526,5,-1,85,135,130,60,70,25,-1,
527,Woobat,527,13,2,55,45,43,55,43,72,2,
528,Swoobat,528,13,2,67,57,55,77,55,114,2,
529,Drilbur,529,4,-1,60,85,40,30,45,68,-1,
530,Excadrill,530,4,8,110,135,60,50,65,88,8,
531,Audino,531,0,-1,103,60,86,60,86,50,-1,
532,Timburr,532,1,-1,75,80,55,25,35,35,-1,
533,Gurdurr,533,1,-1,85,105,85,40,50,40,-1,
534,Conkeldurr,534,1,-1,105,140,95,55,65,45,-1,
535,Tympole,535,10,-1,50,50,40,50,40,64,-1,
536,Palpitoad,536,10,4,75,65,55,65,55,69,4,
537,Seismitoad,537,10,4,105,85,75,85,75,74,4,
538,Throh,538,1,-1,120,100,85,30,85,45,-1,
539,Sawk,539,1,-1,75,125,75,30,75,85,-1,
540,Sewaddle,540,6,11,45,53,70,40,60,42,11,
541,Swadloon,541,6,11,55,63,90,50,80,42,11,
542,Leavanny,542,6,11,75,103,80,70,70,92,11,
543,Venipede,543,6,3,30,45,59,30,39,57,3,
544,Whirlipede,544,6,3,40,55,99,40,79,47,3,
545,Scolipede,545,6,3,60,90,89,55,69,112,3,
546,Cottonee,546,11,-1,40,27,60,37,50,66,-1,
547,Whimsicott,547,11,-1,60,67,85,77,75,116,-1,
548,Petilil,548,11,-1,45,35,50,70,50,30,-1,
549,Lilligant,549,11,-1,70,60,75,110,75,90,-1,
550,Basculin,550,10,-1,70,92,65,80,55,98,-1,
551,Sandile,551,4,16,50,72,35,35,35,65,16,
552,Krokorok,552,4,16,60,82,45,45,45,74,16,
553,Krookodile,553,4,16,95,117,70,65,70,92,16,
554,Darumaka,554,9,-1,70,90,45,15,45,50,-1,
555,Darmanitan,555,9,-1,105,140,55,30,55,95,-1,Darmanitan Standard Mode.
556,Maractus,556,11,-1,75,86,67,106,67,60,-1,
557,Dwebble,557,6,5,50,65,85,35,35,55,5,
558,Crustle,558,6,5,70,95,125,65,75,45,5,
559,Scraggy,559,16,1,50,75,70,35,70,48,1,
560,Scrafty,560,16,1,65,90,115,45,115,58,1,
561,Sigilyph,561,13,2,72,58,80,103,80,97,2,
562,Yamask,562,7,-1,38,30,85,55,65,30,-1,
563,Cofagrigus,563,7,-1,58,50,145,95,105,30,-1,
564,Tirtouga,564,10,5,54,78,103,53,45,22,5,
565,Carracosta,565,10,5,74,108,133,83,65,32,5,
566,Archen,566,5,2,55,112,45,74,45,70,2,
567,Archeops,567,5,2,75,140,65,112,65,110,2,
568,Trubbish,568,3,-1,50,50,62,40,62,65,-1,
569,Garbodor,569,3,-1,80,95,82,60,82,75,-1,
570,Zorua,570,16,-1,40,65,40,80,40,65,-1,
571,Zoroark,571,16,-1,60,105,60,120,60,105,-1,
572,Minccino,572,0,-1,55,50,40,40,40,75,-1,
573,Cinccino,573,0,-1,75,95,60,65,60,115,-1,
574,Gothita,574,13,-1,45,30,50,55,65,45,-1,
575,Gothorita,575,13,-1,60,45,70,75,85,55,-1,
576,Gothitelle,576,13,-1,70,55,95,95,110,65,-1,
577,Solosis,577,13,-1,45,30,40,105,50,20,-1,
578,Duosion,578,13,-1,65,40,50,125,60,30,-1,
579,Reuniclus,579,13,-1,110,65,75,125,85,30,-1,
580,Ducklett,580,10,2,62,44,50,44,50,55,2,
581,Swanna,581,10,2,75,87,63,87,63,98,2,
582,Vanillite,582,14,-1,36,50,50,65,60,44,-1,
583,Vanillish,583,14,-1,51,65,65,80,75,59,-1,
584,Vanilluxe,584,14,-1,71,95,85,110,95,79,-1,
585,Deerling,585,0,11,60,60,50,40,50,75,11,
586,Sawsbuck,586,0,11,80,100,70,60,70,95,11,
587,Emolga,587,12,2,55,75,60,75,60,103,2,
588,Karrablast,588,6,-1,50,75,45,40,45,60,-1,
589,Escavalier,589,6,8,70,135,105,60,105,20,8,
590,Foongus,590,11,3,69,55,45,55,55,15,3,
591,Amoonguss,591,11,3,114,85,70,85,80,30,3,
592,Frillish,592,10,7,55,40,50,65,85,40,7,
593,Jellicent,593,10,7,100,60,70,85,105,60,7,
594,Alomomola,594,10,-1,165,75,80,40,45,65,-1,
595,Joltik,595,6,12,50,47,50,57,50,65,12,
596,Galvantula,596,6,12,70,77,60,97,60,108,12,
597,Ferroseed,597,11,8,44,50,91,24,86,10,8,
598,Ferrothorn,598,11,8,74,94,131,54,116,20,8,
599,Klink,599,8,-1,40,55,70,45,60,30,-1,
600,Klang,600,8,-1,60,80,95,70,85,50,-1,
601,Klinklang,601,8,-1,60,100,115,70,85,90,-1,
602,Tynamo,602,12,-1,35,55,40,45,40,60,-1,
603,Eelektrik,603,12,-1,65,85,70,75,70,40,-1,
604,Eelektross,604,12,-1,85,115,80,105,80,50,-1,
605,Elgyem,605,13,-1,55,55,55,85,55,30,-1,
606,Beheeyem,606,13,-1,75,75,75,125,95,40,-1,
607,Litwick,607,7,9,50,30,55,65,55,20,9,
608,Lampent,608,7,9,60,40,60,95,60,55,9,
609,Chandelure,609,7,9,60,55,90,145,90,80,9,
610,Axew,610,15,-1,46,87,60,30,40,57,-1,
611,Fraxure,611,15,-1,66,117,70,40,50,67,-1,
612,Haxorus,612,15,-1,76,147,90,60,70,97,-1,
613,Cubchoo,613,14,-1,55,70,40,60,40,40,-1,
614,Beartic,614,14,-1,95,110,80,70,80,50,-1,
615,Cryogonal,615,14,-1,70,50,30,95,135,105,-1,
616,Shelmet,616,6,-1,50,40,85,40,65,25,-1,
617,Accelgor,617,6,-1,80,70,40,100,60,145,-1,
618,Stunfisk,618,4,12,109,66,84,81,99,32,12,
619,Mienfoo,619,1,-1,45,85,50,55,50,65,-1,
620,Mienshao,620,1,-1,65,125,60,95,60,105,-1,
621,Druddigon,621,15,-1,77,120,90,60,90,48,-1,
622,Golett,622,4,7,59,74,50,35,50,35,7,
623,Golurk,623,4,7,89,124,80,55,80,55,7,
624,Pawniard,624,16,8,45,85,70,40,40,60,8,
625,Bisharp,625,16,8,65,125,100,60,70,70,8,
626,Bouffalant,626,0,-1,95,110,95,40,95,55,-1,
627,Rufflet,627,0,2,70,83,50,37,50,60,2,
628,Braviary,628,0,2,100,123,75,57,75,80,2,
629,Vullaby,629,16,2,70,55,75,45,65,60,2,
630,Mandibuzz,630,16,2,110,65,105,55,95,80,2,
631,Heatmor,631,9,-1,85,97,66,105,66,65,-1,
632,Durant,632,6,8,58,109,112,48,48,109,8,
633,Deino,633,16,15,52,65,50,45,50,38,15,
634,Zweilous,634,16,15,72,85,70,65,70,58,15,
635,Hydreigon,635,16,15,92,105,90,125,90,98,15,
636,Larvesta,636,6,9,55,85,55,50,55,60,9,
637,Volcarona,637,6,9,85,60,65,135,105,100,9,
638,Cobalion,638,8,1,91,90,129,90,72,108,1,
639,Terrakion,639,5,1,91,129,90,72,90,108,1,
640,Virizion,640,11,1,91,90,72,90,129,108,1,
641,Tornadus,641,2,-1,79,115,70,125,80,111,-1,
642,Thundurus,642,12,2,79,115,70,125,80,111,2,
643,Reshiram,643,15,9,100,120,100,150,120,90,9,
644,Zekrom,644,15,12,100,150,120,120,100,90,12,
645,Landorus,645,4,2,89,125,90,115,80,101,2,
646,Kyurem,646,15,14,125,130,90,130,90,95,14,
647,Keldeo,647,10,1,91,72,90,129,90,108,1,
648,Meloetta,648,0,13,100,77,77,128,128,90,13,Meloetta Aria Forme.
649,Genesect,649,6,8,71,120,95,120,95,99,8,
650,Deoxys,386,13,-1,50,70,160,70,160,90,-1,Deoxys Defense Forme.
651,Deoxys,386,13,-1,50,95,90,95,90,180,-1,Deoxys Attack Forme.
652,Deoxys,386,13,-1,50,180,20,180,20,150,-1,Deoxys Speed Forme.
653,Wormadam,413,6,8,60,69,95,69,95,36,8,Wormadam Trash Cloak.
654,Wormadam,413,6,4,60,79,105,59,85,36,4,Wormadam Sandy Cloak.
655,Shaymin,492,11,2,100,103,75,120,75,127,2,Shaymin Sky Forme.
656,Giratina,487,7,15,150,120,100,120,100,90,15,Giratina Origin Forme.
657,Rotom,479,12,9,50,65,107,105,107,86,9,Heat Rotom
658,Rotom,479,12,10,50,65,107,105,107,86,10,Wash Rotom
659,Rotom,479,12,14,50,65,107,105,107,86,14,Frost Rotom
660,Rotom,479,12,2,50,65,107,105,107,86,2,Fan Rotom
661,Rotom,479,12,11,50,65,107,105,107,86,11,Mow Rotom
662,Castform,351,9,-1,70,70,70,70,70,70,-1,Sunny Castform
663,Castform,351,10,-1,70,70,70,70,70,70,-1,Rainy Castform
664,Castform,351,14,-1,70,70,70,70,70,70,-1,Snowy Castform
665,Basculin,550,10,-1,70,92,65,80,55,98,-1,Red Basculin?
666,Darmanitan,555,9,13,105,30,105,140,105,55,13,Darmanitan Zen Mode.
667,Meloetta,648,0,1,100,128,90,77,77,128,1,Meloetta Pirouette Forme.
668,Kyurem,0,15,14,125,120,90,95,170,100,14,The future ?Black Kyurem?.
669,Kyurem,0,15,14,125,170,100,95,120,90,14,The future ?White Kyurem?.